climatechange,1001
similar
climate,0.8157556,5490
climateskeptics,0.66060627,3367
changemyview,0.5217513,13615
random
Bass,0.019651148,7024
kancolle,0.019509096,6052
PuertoRico,0.019403227,2626
NBA2k,0.019392956,39439
NBA2k16,0.019392956,1804
Comics2Film,0.018845309,3937
JoeRogan,0.018751428,6025
goldenretrievers,0.018493488,3413
DunderMifflin,0.018104993,9930
CadenMoranDiary,0.018024672,2200
PS4,0.01779246,76710
drunk,0.017632678,15409
Gotham,0.017533056,2626
StretchedToBursting,0.01737396,3535
oklahoma,0.017164126,2677
podemos,0.01713773,47079
moto360,0.017101228,2284
nashville,0.016760169,5572
Sat,0.016718421,2939
Honda,0.016679818,6685
DAE,0.01664149,3623
yiff,0.01660997,6416
Hammocks,0.016515195,1801
HeistTeams,0.016411811,13995
PuzzleAndDragons,0.016397933,35146
TwoSentenceHorror,0.016355902,2358
BoomBeach,0.016339876,5180
pawg,0.016303193,7571
kohi,0.016264213,14024
bassnectar,0.016062424,3755
audiophile,0.015953645,8971
BeardedGentleman,0.015802875,3047
penpals,0.015460767,7887
BonerMaterial,0.015334032,4460
Bard003,0.015152074,3074
GuiltyPleasureMusic,0.015052831,3226
C_S_T,0.014865903,2550
DIY_eJuice,0.014736734,5625
araragi,0.014727369,2015
samsung,0.014646765,9520
GifRecipes,0.014576912,1919
Frontend,0.014350731,2241
Charleston,0.014295587,2220
Veterans,0.014282188,3093
ShortFilm,0.014180293,2444
TokyoGhoul,0.013983794,5155
pugs,0.013944883,3893
entwives,0.013929917,2602
CVEWatch,0.0137026645,11934
Planetside,0.013672171,21491
2liga,0.01364909,8416
BloodGulchRP,0.013587283,2370
eroticpenpals,0.013489753,1925
ClashRoyale,0.013322435,76514
Watches,0.013188627,31613
misc,0.013069478,16056
PhantomForSnapchat,0.012833081,3538
StackAdvice,0.012463532,3374
DatGuyLirik,0.012343496,2598
TaylorSwift,0.01190551,3449
vagina,0.011827071,1865
videos,0.011408762,587435
TalesofLink,0.0112948045,6099
Vlogs,0.011164539,2759
StLouis,0.011140905,6881
eagles,0.011123888,8650
xbox360,0.011028662,3135
falcons,0.010663341,4296
headphones,0.010577347,20912
InterdimensionalCable,0.0105246715,2705
TilClone,0.010441783,2157
vegas,0.010238212,5246
ar15,0.0100471545,11658
judo,0.009890189,1891
warriors,0.009705614,14328
Pins4Skins,0.009622994,13117
49ers,0.009490795,5926
Diablo3Monks,0.009348658,1942
DetroitRedWings,0.009003461,6118
MvC3,0.008952882,2346
Nationals,0.008942438,4213
TagPro,0.008292174,6111
Screenwriting,0.008147182,10800
doujinshi,0.008136656,2607
MonsterMusume,0.008063642,2623
elsword,0.007859639,1936
cincinnati,0.007754363,4861
weightlifting,0.0076571833,6220
motorcycles,0.0075672325,44123
BobsBurgers,0.007120881,2164
DnD,0.007103713,49863
venturebros,0.0070580468,1916
BreedablePokemon,0.0070204735,6131
pokemon,0.0070204735,82667
Hookers,0.0069013014,2933
TokoJudi,0.006821961,2437
asian,0.006763039,1826
rit,0.006610525,2264
Brooklyn,0.006285321,2227
Finland,0.0061992398,1833
Metroid,0.006129615,2676
Maine,0.0060721654,2625
berlin,0.0057433452,3346
DarkSouls2,0.005605053,18224
Ohio,0.0052784346,2115
Invites,0.0052735303,5216
Dashcam,0.005056793,1996
opieandanthony,0.0045343433,31512
djiphantom,0.0039928257,4774
Rule34Overwatch,0.003957875,1836
CelebrityFeet,0.0038483632,2318
tutorials,0.0038424227,2266
GoneErotic,0.0037794411,1867
BleachBraveSouls,0.0037298054,23918
houston,0.0036116168,17575
ToManga,0.0035015456,3398
manga,0.0035015456,26739
GuitarHero,0.0031344425,2874
Bulldogs,0.0029807612,2172
vancouver,0.0029115323,19895
AsianHotties,0.0024937987,9886
airsoft,0.0019616429,22535
BoobsSelfshots,0.0018044375,2399
serialkillers,0.0014798902,2293
teslore,0.0011213683,3762
mitchjones,0.001101952,2821
nsfwcosplay,0.001040116,1908
cosplay,0.001040116,15958
hentai,0.0010149255,11178
Spiderman,0.0006747581,3881
BBQ,0.00058635324,3934
chrome,-0.00047576055,6799
ElAndroideLibre,-0.00071729533,2630
occult,-0.00085419696,7809
40kLore,-0.0009059813,3861
amazon,-0.0019471776,5538
Xray133,-0.0021685455,1999
gameDevClassifieds,-0.0023546815,6164
foreskin,-0.0031859614,3837
Paladins,-0.0034651197,16776
AsianCuties,-0.0035035461,1842
r4r,-0.0036463467,96284
RocketLeague,-0.0043857982,105564
Wrangler,-0.0051264055,3407
ft86,-0.0056186225,3825
Calgary,-0.005918063,13122
AlbumArtPorn,-0.006297052,3121
lootcrate,-0.0063162027,2848
ClickerHeroesRecruit,-0.0063644648,8659
ruby,-0.007314842,2438
Panties4Sale,-0.0075058555,2050
GamerGhazi,-0.0080842,7488
pregnant,-0.0086314995,2423
Trophies,-0.0086927395,4888
powerlifting,-0.009100713,4831
Jeep,-0.009399995,12817
voluptuous,-0.009541459,2685
DaisyRidley,-0.009570176,1922
Rule34LoL,-0.00963176,2935
MangaManga,-0.009839818,58707
Staples,-0.010151524,3237
ufc,-0.010189064,10061
penis,-0.0110008605,26062
yokaiwatch,-0.01123599,4612
CFA,-0.011536917,2978
MuayThai,-0.011802107,2733
Nipples,-0.011946656,1873
coupons,-0.01219567,6765
balisong,-0.012639053,4401
roostertube,-0.013237201,1897
Dodgers,-0.014858864,5563
cock,-0.015148288,9262
BorutoMangaMe,-0.015536621,27039
rockets,-0.015872845,4276
Diablo3DemonHunters,-0.016122187,2182
mazda,-0.016357493,3128
STD,-0.016467419,2976
Fighters,-0.01724517,2356
shiba,-0.017379524,2580
ReefTank,-0.017445004,5752
deOhneRegeln,-0.017513104,2295
CelebFakes,-0.017947916,2934
PublicFreakout,-0.018229738,9362
GirlswithGlasses,-0.018264286,3181
OreoCupcakes,-0.018267155,1956
BabyBumps,-0.018311916,38382
DnB,-0.018525388,9622
bouldering,-0.01900662,2327
SquaredCirclejerk,-0.019209627,3105
