climateskeptics,3367
similar
climate,0.7907773,5490
skeptic,0.5374683,5666
random
oklahoma,0.01984572,2677
ADHD,0.019839935,17941
intj,0.019643418,4485
SchoolIdolFestival,0.019349579,17253
ArtisanGifts,0.019341547,1929
DunderMifflin,0.019115131,9930
DnD,0.018939573,49863
singapore,0.018844575,11965
AskHR,0.018810984,2059
sm4sh,0.018563665,2056
BTCNews,0.01854485,2523
Swimming,0.018450841,4147
FantasyLCS,0.01819031,12485
NASCAR,0.017917626,12394
Staples,0.01775333,3237
RandomActsOfMuffDive,0.017719828,26987
Vlogs,0.017439544,2759
hentai,0.017437275,11178
vzla,0.017389461,5619
UnisonLeague,0.017207004,5882
TooMeIrlForMeIrl,0.017175373,2768
unintentionalASMR,0.017160058,1862
Dachshund,0.017154794,3866
coupons,0.01684098,6765
knifeclub,0.01682072,11592
SmiteLFM,0.016644988,8469
VGCovers,0.016642489,2107
syriancivilwar_SAA,0.016497893,2407
Madden,0.01630815,13367
florida,0.016194455,3592
drums,0.01616832,11235
CaseClickerTrades,0.016137216,22785
walmart,0.01608071,14085
malaysia,0.016062193,7956
PhantomForSnapchat,0.01604518,3538
HotWheels,0.015894968,3820
alcoholism,0.015892526,2166
Contest,0.015835807,2052
SampleSize,0.01572803,25253
Nationals,0.015697371,4213
TLCDropLog,0.015692923,2886
BabyBumps,0.015349507,38382
Gotham,0.015254938,2626
GamerGhazi,0.0151165305,7488
CamSluts,0.014963577,2758
Watercolor,0.014942765,2692
MyRssFeeds2,0.014772245,14125
MyRssFeeds,0.014772245,18424
booty,0.014691833,2962
RocketLeagueExchange,0.014621589,437551
swtor,0.014601465,15965
usa,0.014500873,2522
Epilepsy,0.01443493,2103
Kanye,0.014338244,42088
weddingplanning,0.014234226,26097
ffxivraf,0.014103342,4511
ShortFilm,0.01379336,2444
Metroid,0.013779136,2676
lockpicking,0.01377287,4214
deutsche,0.013605158,10824
celebnsfw,0.013262048,4562
C_S_T,0.01305711,2550
CelebJOMaterial,0.012995865,3039
sanfrancisco,0.012908001,9306
sanantonio,0.012866197,4710
UggyRS,0.01268556,2688
rearpussy,0.012135228,4731
GiIvaSunner,0.012131389,10504
ProtectAndServe,0.012047216,11405
lgg4,0.01201798,7088
lgg5,0.01201798,3093
pharmacy,0.0120121,4720
Rochester,0.012009195,3038
vancouver,0.011773422,19895
TokyoGhoul,0.011747692,5155
Shoes,0.011557555,3623
RandomKindness,0.0115446225,4548
ReefTank,0.011503842,5752
PS4Deals,0.011403769,3795
BleachBraveSouls,0.011351079,23918
ft86,0.011349595,3825
aws,0.011177871,3461
printSF,0.010963664,1987
2liga,0.010668375,8416
anime,0.01060853,77940
CVEWatch,0.010530027,11934
mexico,0.010265803,13646
eliaszjm,0.010261148,2268
InjusticeMobile,0.009911515,4689
london,0.00989219,15664
Xray133,0.009605449,1999
g2a,0.009603135,2563
benzodiazepines,0.009574078,4513
connectasong,0.009242851,4492
LawSchool,0.009219715,5033
Comcast,0.009185796,3363
PhotoshopRequest,0.008602494,35939
0x3642,0.008595768,62016
4x4,0.008595768,4002
lost,0.008457087,2344
StretchedToBursting,0.008336769,3535
Rule34Overwatch,0.008211363,1836
FortWorth,0.00801689,1909
glasgow,0.007977768,2904
GameShare,0.007676767,2023
Calgary,0.007403303,13122
madisonwi,0.0069103204,2822
DynastyFF,0.0063058883,9540
motorcycles,0.005907191,44123
forhonor,0.005861886,2529
CherokeeXJ,0.005663432,3869
r4r,0.005649775,96284
ElAndroideLibre,0.005638873,2630
BattleRite,0.005543828,8754
consulting,0.00552152,4724
BustyPetite,0.00517701,11953
CFA,0.004950026,2978
boulder,0.00462028,1980
chrome,0.004512392,6799
MTVScream,0.004213971,4477
saskatoon,0.003930036,3356
paris,0.0037516132,3042
NarutoNinjaStorm,0.0037372755,2167
BBQ,0.003667878,3934
judo,0.0035994528,1891
SEAstartups,0.0028661825,6210
ShadowBanned,0.002386148,7510
IHE,0.0021274802,3172
wwesupercard,0.002001902,4264
DivinityOriginalSin,0.0019600987,1822
SquaredCirclejerk,0.0017924905,3105
Overwatch,0.0017692186,415115
IronKal,0.0016069375,3056
toronto,0.0015713833,20583
PSP,0.0013846289,1820
MSLGame,0.00075047463,2268
tasker,0.00034332555,3911
wsgy,0.00016088411,3885
coding,0.00015668571,2552
rit,-0.00031742174,2264
vagina,-0.00041641574,1865
IndustrialPharmacy,-0.00053415075,6221
Bondage,-0.000718005,4782
roostertube,-0.0010055136,1897
NBA2k,-0.0013259035,39439
NBA2k16,-0.0013259035,1804
9gagRSS,-0.0014159195,16387
OreoCupcakes,-0.0014265999,1956
ESOGuilds,-0.0014421381,3959
ToManga,-0.0016144626,3398
manga,-0.0016144626,26739
PuertoRico,-0.0017870441,2626
HeroesofNewerth,-0.0018435819,1861
tattoo,-0.0018442757,4135
subnautica,-0.0018889569,5248
sandiego,-0.0021560434,8737
cock,-0.0021639168,9262
curvy,-0.0021755993,8946
hapas,-0.0026741428,7175
WoT,-0.002718769,2324
summonerschool,-0.0029082373,49766
ufc,-0.0029502977,10061
berlin,-0.0032183062,3346
MakingaMurderer,-0.0033388212,19216
BonerMaterial,-0.003368128,4460
NLSSCircleJerk,-0.003619831,4715
UHCMatches,-0.003626246,31224
chromeos,-0.0037023071,7412
ERB,-0.0040524164,1810
Wrangler,-0.004070537,3407
DAE,-0.004111845,3623
amv,-0.0042741224,4826
Screenwriting,-0.0043475283,10800
ontario,-0.00475369,3543
Assistance,-0.0047966912,8236
Health,-0.0049939305,93441
SCJerk,-0.0051398836,18379
cleavage,-0.0051433267,5235
samsung,-0.005370792,9520
Nipples,-0.005780697,1873
onions,-0.0058364403,2689
GuitarHero,-0.0059107617,2874
FilipinaDating,-0.0059455587,45619
ncaaBBallStreams,-0.006049482,1828
SVExchange,-0.0061480477,10924
deOhneRegeln,-0.0061939936,2295
wedding,-0.006815357,8784
ProgrammerHumor,-0.00682766,8576
PetbeaconLA,-0.006876951,3327
Upskirt,-0.0070308936,1806
DnB,-0.007076309,9622
AccidentalComedy,-0.0070943087,1844
BorutoMangaMe,-0.007352071,27039
mazda,-0.00783135,3128
ukraina,-0.008237379,9338
Amsterdam,-0.008368824,2825
Maine,-0.008728078,2625
MarioMaker,-0.008812882,12165
WC3,-0.00928409,1950
compDota2,-0.009615647,6853
dishonored,-0.009650651,2967
MaledomEmpire,-0.009750664,2067
Dodgers,-0.009835836,5563
VictoriaBC,-0.010056986,3621
misc,-0.01025486,16056
Pauper,-0.01028238,3799
belgium,-0.010323194,5802
ar15,-0.010491926,11658
TalesofLink,-0.010582922,6099
MvC3,-0.011281945,2346
AdoptMyVillager,-0.011282416,9586
sewing,-0.011539739,5373
Enhancement,-0.011637628,2240
Italia,-0.012545399,2736
penis,-0.012789421,26062
fcsp,-0.012961653,2994
BloodGulchRP,-0.013250582,2370
dancegavindance,-0.013529729,1844
TokoJudi,-0.013548266,2437
DaisyRidley,-0.013767092,1922
nashville,-0.014048571,5572
GoneErotic,-0.014640935,1867
Ohio,-0.01481913,2115
anal,-0.015010792,7568
Diablo,-0.015601633,12620
RocketLeague,-0.016398713,105564
LV426,-0.01640017,1880
balisong,-0.016628565,4401
asian,-0.017176678,1826
shiba,-0.017208274,2580
LosAngeles,-0.017572183,17844
bdsm,-0.0178776,4009
knives,-0.01801446,7909
QueComico,-0.018901223,3179
straya,-0.019211937,1800
