Feminism,8077,
similar,,
Anarchism,0.5744951,11707
random,,
SteamController,0.019701883,3781
ActionFigures,0.019622564,10998
Contest,0.019488119,2052
Kossacks_for_Sanders,0.019421397,16921
Trove,0.019185593,4438
CoolNewTech,0.019080881,1832
investing,0.01900366,16931
OverwatchCirclejerk,0.018793983,1881
ncaaBBallStreams,0.018741436,1828
ReefTank,0.018214636,5752
security,0.017879056,8095
WiggleButts,0.017838124,2571
compDota2,0.017773874,6853
dogs,0.017451648,29911
PhantomForSnapchat,0.01736223,3538
StLouis,0.017170588,6881
PuertoRico,0.016652351,2626
statistics,0.016488483,3792
Unexpected,0.01619822,17931
MaddenMobileForums,0.016067676,18136
Roku,0.015970677,2385
acting,0.015885685,3897
avfc,0.015443482,2084
CallOfDuty,0.015221456,15746
nfl,0.014634144,75381
rbny,0.014542561,1989
timberwolves,0.014420264,4031
InformationTechnology,0.014331091,2650
learnpython,0.014166735,16184
StardewValley,0.01383044,27043
brexit,0.013421629,2264
highdeas,0.013301427,2371
mlb,0.013052017,9420
madeforsin,0.013014767,2600
vlogging,0.012740552,3417
GuitarHero,0.012332231,2874
Stacked,0.011857799,6639
lost,0.01172389,2344
2liga,0.01136101,8416
motorcycles,0.011255531,44123
SmallYoutubers,0.010698063,2672
RocketLeagueExchange,0.010490961,437551
onions,0.00979146,2689
fatestaynight,0.009590041,3778
celebnsfw,0.009351946,4562
fcbayern,0.008855779,2521
paintball,0.00878001,5267
flying,0.008520547,8768
knives,0.008508787,7909
boulder,0.008198483,1980
sweepstakes,0.008123012,28468
drums,0.007918477,11235
resumes,0.007609638,8878
Dachshund,0.007253427,3866
battlestations,0.00708323,8210
RandomActsofCards,0.006381102,10732
SampleSize,0.006022861,25253
airsoft,0.005978648,22535
rawChicago,0.005973037,5879
IndustrialPharmacy,0.005971577,6221
PcMasterRaceBuilds,0.005967092,2287
lockpicking,0.005947831,4214
blunderyears,0.005535787,3897
SquaredCirclejerk,0.005425952,3105
TimAndEric,0.004549007,2533
top_dogs,0.004116803,2961
ShadowBanned,0.004080956,7510
startups,0.004051685,11502
hiking,0.003674787,5498
vlog,0.003395304,14024
RideshareNews,0.003383805,2191
Dashcam,0.002355995,1996
timelapse,0.002188193,2538
tabletopsimulator,0.001993019,2208
news,0.001910675,618104
neutralnews,0.001785982,1821
weather,0.001647962,3797
guidebegin,0.001618708,5000
grilling,0.001130813,1838
HermitCraft,0.001094122,1944
r4r,0.000356589,96284
EntExchange,-0.000340205,3928
paydaytheheist,-0.000617758,11246
LiquidSky,-0.000895571,2803
Hamilton,-0.000948779,3289
Locksmith,-0.000969764,2905
PucaTrade,-0.001163403,2329
ARK,-0.001450878,10977
minecraftskins,-0.001636556,3627
traps,-0.001912504,4334
CowChop,-0.002245298,3930
Cloud9,-0.002393728,3525
CFA,-0.002949096,2978
consulting,-0.003484432,4724
lootcrate,-0.003609045,2848
Produce101,-0.005135343,1924
ComputerSecurity,-0.005706776,2039
Training,-0.006197155,2648
Pins4Skins,-0.006613866,13117
FortWorth,-0.006631248,1909
multihub,-0.007045521,2428
TOR,-0.007396387,2422
Fantasy_Football,-0.008496664,16274
buildapcsales,-0.008880158,12465
Pauper,-0.009140575,3799
ToolBand,-0.009274092,2932
thick,-0.009470467,6833
ArtisanVideos,-0.010131091,4139
ProtectAndServe,-0.010143787,11405
Wishlist,-0.010752618,6117
drawing,-0.011737894,13820
Fencing,-0.012915324,2080
ChemicalEngineering,-0.01306494,2182
test,-0.013155595,15738
forhire,-0.013300162,19517
VisitingIceland,-0.01406975,2634
shanghai,-0.014220362,2189
Frozen,-0.014637783,9576
travel,-0.015264194,100800
dbxv,-0.015381545,3995
willis7737_news,-0.015465295,77376
ableton,-0.015540876,3922
nsfwtop,-0.017417252,11171
msp,-0.01773633,2859
C_S_T,-0.018430606,2550
