prochoice,478
similar
prohealth,0.6759243,3513
makemychoice,0.56312895,2381
progamingstar,0.5414821,1861
random
FortWorth,0.019700686,1909
cocktails,0.019691389,4732
Nissan,0.019357387,1980
Cubers,0.019174557,8275
coins,0.018995792,6440
knitting,0.018915748,6777
lootcrate,0.018884527,2848
Barcelona,0.01884518,2626
CampingandHiking,0.018415175,9884
buccaneers,0.018399522,3263
xTrill,0.01796142,3757
SonyAlpha,0.017749779,2993
Gender_Critical,0.017325591,1942
GenderCritical,0.017325591,4716
Shoplifting,0.017277438,3507
Hair,0.017111834,10062
Borderlands,0.016937416,4876
Borderlands2,0.016937416,5976
Brooklyn,0.01692265,2227
RandomActsOfBlowJob,0.01656259,67501
amazon,0.016230904,5538
Techno,0.016149558,9764
DarkEnlightenment,0.016084816,2633
hextcg,0.01578919,1938
TrollYChromosome,0.015687406,3990
NewTubers,0.015685646,85486
trackers,0.015526161,3992
arma,0.015235055,13043
araragi,0.015144667,2015
climbing,0.014981739,8335
Boobies,0.014479719,12141
TalesofLink,0.014388986,6099
spam,0.014208503,209110
Baking,0.013887686,8607
KingdomHearts,0.013841152,15855
furry,0.013812341,20620
edmproduction,0.013738063,16466
Kanye,0.013607368,42088
aurora,0.013383834,2043
40kLore,0.013194985,3861
panthers,0.013190972,7031
DigitalPainting,0.012964532,4070
DAE,0.0129429465,3623
phones,0.012606315,1990
MechanicalKeyboards,0.012600895,42857
getnarwhal,0.0125777405,2128
BreedablePokemon,0.012245597,6131
pokemon,0.012245597,82667
gigantic,0.012096923,2709
benzodiazepines,0.011916228,4513
RandomActsofCards,0.011502128,10732
AngJobs,0.011355933,1898
Africa,0.0112961205,3233
VitaPiracy,0.011255033,5205
JonTron,0.010936275,19629
darkestdungeon,0.010769229,5703
Metalcore,0.010115346,15236
jacksonville,0.010007948,2329
visualnovels,0.009856774,2753
SecretSubreddit,0.009708986,4400
transtimelines,0.009320366,2077
ToyotaTacoma,0.008920941,2237
SelenaGomez,0.008769103,2308
Panties4Sale,0.008752063,2050
manufacturing,0.008612959,7165
IndustrialPharmacy,0.008447025,6221
KikGroups,0.007965336,4457
UnresolvedMysteries,0.007939208,4525
CivilizatonExperiment,0.007831002,3196
DunderMifflin,0.0074077435,9930
WC3,0.0073695295,1950
nprstories,0.0072421907,3239
ChronicPain,0.007190775,3032
SquaredCirclejerk,0.005760189,3105
GameShare,0.0056721317,2023
TransSpace,0.0055602733,5022
pokemongoLondon,0.005549778,2304
OverwatchCirclejerk,0.0053200535,1881
TheWeeknd,0.0049800053,1840
Magic,0.004300952,3303
glasgow,0.0042258315,2904
pugs,0.004059335,3893
parrots,0.004057966,6946
vagina,0.003993418,1865
AppHookup,0.0039650965,3633
Plumbing,0.003767375,7443
DnB,0.003599111,9622
LiquidSky,0.0034745838,2803
Dachshund,0.0034321444,3866
Cyberpunk,0.0034095887,7864
trees,0.0033289045,168636
Scams,0.0032978393,3456
toys,0.0031238906,3765
BreakingNews24hr,0.002663307,116752
EthTrader_Test,0.0026414283,3953
Ice_Poseidon,0.0024737306,14356
analytics,0.002066032,1935
DarkSoulsHelp,0.0020117275,2228
dungeonboss,0.0018526986,1839
foreskin,0.0016781837,3837
RedditLaqueristas,0.0014825836,10395
IronKal,0.0013798438,3056
MangaManga,0.0012495536,58707
codes,0.0012128763,1955
HermitCraft,0.0011335462,1944
MorbidReality,0.00042486377,5791
Jaguars,0.00010636076,3615
TheCreatures,-0.00019361824,3021
onions,-0.00083035836,2689
ArtisanGifts,-0.0008376073,1929
Hamilton,-0.0010592677,3289
Wellington,-0.0011779144,2202
CowChop,-0.0013107322,3930
Dashcam,-0.0019948035,1996
ravens,-0.0021092873,5149
webcomic_ja,-0.002310671,2598
WiggleButts,-0.0027622385,2571
SteamController,-0.003499888,3781
RATS,-0.0035676882,8334
BabyBumps,-0.0037249885,38382
GameTrade,-0.004482316,14172
Machinists,-0.0048704967,1896
torrents,-0.0053235926,5273
House,-0.0053676255,10601
Bondage,-0.005614521,4782
gameDevClassifieds,-0.0058817845,6164
Trove,-0.0060599465,4438
ElderScrolls,-0.006532112,2593
Frisson,-0.006609883,6314
DarkSouls2,-0.0066218395,18224
TokyoGhoul,-0.006744555,5155
Genealogy,-0.0073472504,2958
LosAngelesRams,-0.0075173825,3686
xxketo,-0.007567711,4075
engineering,-0.007899877,8560
HairyPussy,-0.008076195,1951
dragonblaze,-0.008488238,5707
DataHoarder,-0.008774538,4547
computers,-0.008865876,15619
creepy,-0.008921247,39716
electronics,-0.008980915,13159
electricians,-0.00943142,7290
Shave_Bazaar,-0.009798271,4210
trailerparkboys,-0.009967852,3392
Overwatch,-0.010338925,415115
afinil,-0.0103665255,2934
vandwellers,-0.010388338,6601
DarkAngels,-0.011648282,2053
Accounting,-0.012154749,16803
Astronomy,-0.012450969,6843
Pareidolia,-0.012495799,7149
InformationTechnology,-0.012564974,2650
Dermatology,-0.012918094,2424
PuzzleAndDragons,-0.013024688,35146
UberCodes,-0.013033273,3086
phoenix,-0.013266908,5538
Beekeeping,-0.014425408,3768
StonerEngineering,-0.015633645,2407
depression,-0.01611308,85306
pranks,-0.016245723,2319
ACMilan,-0.016268115,2041
StretchedToBursting,-0.016504753,3535
TokoJudi,-0.017349876,2437
penis,-0.017541066,26062
SubredditSimulator,-0.01840693,6288
boulder,-0.018504297,1980
aviation,-0.018650714,14972
Mindfulness,-0.018733062,2139
PublicFreakout,-0.018805034,9362
IceAdvLog,-0.018811375,1850
Thunder,-0.01914716,4722
Maya,-0.019210516,2022
witcher,-0.01961066,37541
timbers,-0.019649353,2279
ProgrammerHumor,-0.0199376,8576
progmetal,-0.01995624,7507
