prolife,1422
similar
prohealth,0.72815585,3513
progamingstar,0.5484878,1861
lifeisstrange,0.5251863,8602
random
TLCDropLog,0.019948922,2886
InformationTechnology,0.019716006,2650
Target,0.019613419,2261
ElderScrolls,0.019450437,2593
cs50,0.019443152,3762
BostInno,0.019045211,2871
TheWeeknd,0.018754777,1840
Panties4Sale,0.018524934,2050
RandomKindness,0.018188607,4548
kreiswichs,0.018083349,2258
HVAC,0.017798634,5676
Mariners,0.017685205,3826
SoccerReplay,0.017669119,8789
r4r,0.017602652,96284
MTVScream,0.01753621,4477
OldSchoolCool,0.0174943,47451
ferrets,0.01715875,3069
phish,0.016636185,6754
ImmigrationNews,0.015938846,3723
FortWorth,0.015911419,1909
AngJobs,0.015752789,1898
cellphones,0.01541293,1877
sonic,0.015161229,2374
Random_Acts_Of_Amazon,0.015133856,18605
LiquidSky,0.015094873,2803
ArtisanVideos,0.015040301,4139
MotoX,0.014928399,3619
PokkenGame,0.014793742,3325
CalamariRaceTeam,0.014346218,6374
smilers,0.014305323,1802
marketing,0.014230233,10993
RoyaleRecruit,0.014069296,12890
keto,0.014013413,31644
Invites,0.013684645,5216
GonewildPlug,0.0136151165,24121
StretchedToBursting,0.01268423,3535
madisonwi,0.01262141,2822
marvelstudios,0.012235805,28336
onions,0.01208961,2689
cocktails,0.011766326,4732
StonerEngineering,0.011696614,2407
WiggleButts,0.011301933,2571
Overwatch,0.011133689,415115
Frisson,0.010789106,6314
MangaManga,0.010390973,58707
codes,0.010312339,1955
editors,0.009769458,4047
MusicCritique,0.00909454,2016
jales,0.008546349,1866
traps,0.0076904967,4334
BabyBumps,0.0068592685,38382
arma,0.0065992475,13043
LosAngeles,0.0065755527,17844
grime,0.0062306337,6116
Kossacks_for_Sanders,0.005220345,16921
BonerMaterial,0.0051948614,4460
Amazon_Giveaways,0.004592754,4356
C_S_T,0.0042029545,2550
Boro,0.0038084872,2990
ProgrammerHumor,0.0034790756,8576
HeistTeams,0.003363235,13995
buildapcsales,0.003347911,12465
DesignJobs,0.002982406,3046
snakes,0.0029261652,7093
Machinists,0.0026158355,1896
DarkSoulsHelp,0.0025736652,2228
JonTron,0.0024823807,19629
ACMilan,0.0022534356,2041
xxketo,0.0017565861,4075
engineering,0.00022833794,8560
Barcelona,0.00015291572,2626
ArtisanGifts,0.00013903901,1929
OnlyHotMilfs,-0.0001286352,5412
MobiusFF,-0.00015632343,6803
Wellington,-0.00021393225,2202
Dodgers,-0.00082089007,5563
coupons,-0.0012275297,6765
NintendoSwitch,-0.0021275766,4971
DarkSouls2,-0.0024648122,18224
RenewableEnergy,-0.0024947133,2576
GifRecipes,-0.002726622,1919
Sat,-0.0028409287,2939
DigitalMarketing,-0.0029549673,1806
redditrequest,-0.0030079414,11394
RandomActsofCards,-0.0036732554,10732
PuertoRico,-0.0038197972,2626
node,-0.0040578432,3445
thick,-0.0048374813,6833
BustyPetite,-0.0050011203,11953
amiiboSwap,-0.005599713,4795
RideshareNews,-0.005946275,2191
DnD,-0.006328281,49863
amv,-0.006991636,4826
Design,-0.008347821,12153
Ice_Poseidon,-0.0084091,14356
PuzzleAndDragons,-0.008443579,35146
DnB,-0.009095561,9622
insects,-0.009517409,2187
CowChop,-0.01103333,3930
WC3,-0.011213268,1950
seedboxes,-0.011738706,2038
RandomActsOfMuffDive,-0.011825666,26987
Shave_Bazaar,-0.012079863,4210
TokyoGhoul,-0.013185907,5155
spam,-0.013255291,209110
HotPeppers,-0.013604974,2172
synthesizers,-0.015378524,9365
cpp,-0.01567401,2519
IceAdvLog,-0.015690343,1850
CFA,-0.01717591,2978
Chihuahua,-0.018379766,2179
timbers,-0.0198804,2279
