The_Donald,979008
similar
NotTimAndEric,0.6158271,9170
TimAndEric,0.5833225,2533
random
AskAcademia,0.01996769,3184
homemadexxx,0.019790057,6535
software,0.01975815,33156
ericprydz,0.019626118,2166
boulder,0.019622063,1980
CHICubs,0.019498099,9861
Mavericks,0.019350683,2504
inspiration,0.019300187,1897
jmodtracker,0.019103535,3059
gamindustri,0.019092523,8918
csshelp,0.019042563,4353
Kossacks_for_Sanders,0.018965282,16921
tarot,0.018948192,3511
phillies,0.01880433,2466
GooglePixel,0.018639136,6849
AntiJokes,0.018452354,7520
trashy,0.018388083,13545
MinionHate,0.018375091,2439
chaluunion,0.018084293,3295
TokyoGhoul,0.017743327,5155
esports,0.017441172,4384
LosAngeles,0.017300874,17844
2016_elections,0.017011259,2286
progmetal,0.016610513,7507
pugs,0.016595172,3893
sanantonio,0.016470034,4710
CannabisExtracts,0.016183775,3133
avfc,0.016124018,2084
connectasong,0.016071092,4492
detroitlions,0.016014598,5174
trucksim,0.015856288,4536
Rochester,0.015833315,3038
washingtonwizards,0.01583144,2144
nflcirclejerk,0.015724262,3014
swrpg,0.015655346,2794
misc,0.015557695,16056
kindle,0.015549274,2827
watchingcongress,0.015510604,1805
tasker,0.015364005,3911
Ubuntu,0.014842233,5798
Feminism,0.014636751,8077
HVAC,0.014521227,5676
CampingandHiking,0.014359499,9884
news_etc,0.014280185,276816
bengals,0.014096376,3961
Vent,0.013961632,2461
Cisco,0.013722779,2036
nutrition,0.013455767,4987
Dreams,0.013037613,8375
florida,0.013013435,3592
wsgy,0.012961762,3885
starlets,0.012900539,6439
Kuwait,0.012882456,1844
venturebros,0.012692493,1916
LadyBoners,0.01264503,7841
dota2pubs,0.012315588,1872
TransSpace,0.01228683,5022
confession,0.012186762,14266
antinatalism,0.012086237,2010
YAYamateurs,0.0119489245,1829
sillygif,0.011931953,9073
relationships,0.01189886,184098
djiphantom,0.011823026,4774
Frisson,0.011561907,6314
unixporn,0.011519098,5542
startrek,0.011495689,13405
nsfwcosplay,0.011425359,1908
cosplay,0.011425359,15958
Astros,0.011120597,3079
UkrainianConflict,0.011038503,4367
serialkillers,0.010953253,2293
bonnaroo,0.0107816495,7256
ukipparty,0.010689039,3551
explainlikeIAmA,0.01062711,1811
navy,0.010358438,3894
baindaily,0.010341076,5704
Fighters,0.0103297755,2356
ramen,0.0101919025,2390
AdventuresOfFriends,0.010125075,2085
DnB,0.010034714,9622
pinkfloyd,0.009917181,3201
sex,0.009890388,80019
ArmoredWarfare,0.009818913,3284
Journalism,0.0097404495,4153
Metallica,0.009515521,2501
InterdimensionalCable,0.009468671,2705
usanews,0.0090272315,3023
swguilds,0.00876322,3580
lootcrate,0.008115616,2848
audiophile,0.008019386,8971
Jaguars,0.007662609,3615
scooters,0.007458318,2052
Boro,0.007071197,2990
PartneredYoutube,0.0069625694,2427
mtgfinance,0.0069567543,3204
FullMoviesOnline,0.0069296267,2274
FIlm,0.0067181885,2967
aSongOfMemesAndRage,0.006456095,3208
punk,0.00619331,8336
Roku,0.0060734916,2385
uktrees,0.0059986515,1898
vagina,0.0055716,1865
Borderlands,0.0054568816,4876
Borderlands2,0.0054568816,5976
quittingkratom,0.0051938407,2778
Screenwriting,0.0049805427,10800
kancolle,0.0047124606,6052
trapmuzik,0.004693851,4122
iateacrayon,0.0046100803,11775
OkCupid,0.004558593,25904
americandad,0.004526386,2112
investing,0.00426301,16931
hmmm,0.0042557986,2010
dontstarve,0.004148662,3876
parrot,0.0041168556,2693
Models,0.0038896743,3520
oregon,0.0038802251,3053
Nirvana,0.0036702827,3084
battlefront,0.0034770146,3195
grime,0.003467624,6116
woof_irl,0.0030735396,3893
androidthemes,0.0030415542,6879
amazingtits,0.0030259658,7152
Staples,0.0029242095,3237
chromeos,0.0028478866,7412
Intelligence,0.002814848,2784
Supplements,0.0028090924,3572
brunette,0.0026837252,2783
BorutoMangaMe,0.0024919892,27039
pregnant,0.0023019481,2423
acne,0.0022544009,2745
weightlifting,0.0020328034,6220
otoge,0.002019763,2388
movies,0.0019483101,218129
MarioMaker,0.0018001106,12165
voluptuous,0.0016176086,2685
occult,0.0014350787,7809
fragrance,0.0013702065,2461
Nexus5,0.0010449514,3263
nexus6,0.0010449514,4215
Nexus,0.0010449514,2748
GirlswithGlasses,0.0008988157,3181
YogaHotness,0.00088914484,3260
japanpics,0.0008028494,2031
IndianCountry,0.00034753792,2957
h1z1,0.00014946982,37203
hentainews,9.268522e-06,4565
touhou,-0.00011314172,5207
translator,-0.00030025654,11360
HaloOnline,-0.0005547898,4145
coupons,-0.0006722361,6765
Bestbuy,-0.0009636916,3270
windows,-0.0009685238,10070
hiking,-0.000974467,5498
Epilepsy,-0.0010471996,2103
editors,-0.001048347,4047
Omaha,-0.0010530464,2500
vablog_ja,-0.0010621343,3407
ERB,-0.0010705218,1810
MangaManga,-0.0010880958,58707
twinks,-0.0011171605,7588
vegetarian,-0.0013610441,4271
IrishEIK,-0.0018596519,2016
taiwan,-0.0019791694,3595
nintendomusic,-0.0021447837,2319
japanpornstars,-0.0022136122,3923
hookah,-0.0024237037,6550
Volkswagen,-0.002485292,6477
DIY,-0.0025681835,41931
r4r,-0.0026641712,96284
Blogging,-0.002951827,7049
bimbofetish,-0.003191406,3444
boxoffice,-0.0032673422,4105
SEO,-0.0037075095,24691
celebnsfw,-0.0038677948,4562
ebikes,-0.004050255,1878
XxxPrazerxxX,-0.004129192,1903
nsclc,-0.0045759184,2763
Bondage,-0.0053309575,4782
Kappa,-0.005545212,45563
rva,-0.00573685,7248
DnD,-0.0059103854,49863
softwaregore,-0.0060029346,8235
oakland,-0.00606402,3166
NepaliNews,-0.0062419455,23029
bikinis,-0.0062849964,4891
Articles,-0.006361532,2309
Cakes,-0.007088935,1970
youtubehaiku,-0.007286098,44200
pokemongoyellow,-0.0074626533,5912
foreskin,-0.007482618,3837
iphonehelp,-0.007555089,2440
pokemontrades,-0.007725276,104475
Paranormal,-0.007882997,6996
dvdcollection,-0.008023504,6730
emojipasta,-0.008575121,2396
htc,-0.0086202,1874
livestreamstv,-0.008710353,2317
maryland,-0.00901556,2610
bisexual,-0.009147686,6002
dubstep,-0.009580344,6804
analytics,-0.009717105,1935
Wordpress,-0.009731324,12890
afinil,-0.010376593,2934
Titties,-0.011029247,2066
Wishlist,-0.011204179,6117
emulation,-0.011259124,6285
firefox,-0.011461828,5526
parrots,-0.011616414,6946
infertility,-0.011655491,4082
OSU,-0.011818919,4384
mitchjones,-0.011881888,2821
CivilizatonExperiment,-0.011938861,3196
auckland,-0.012001524,2082
Maine,-0.012162437,2625
BudgetAudiophile,-0.012294623,2497
ukeducation,-0.012314776,2760
utdallas,-0.0123590175,2304
trackers,-0.012365182,3992
baltimore,-0.012580802,7539
blogs,-0.012589961,2200
booty,-0.012692977,2962
pawg,-0.012794284,7571
motogp,-0.013171079,4155
Jeep,-0.013273776,12817
Anarchism,-0.013309024,11707
chadtronic,-0.013602564,4104
3DS,-0.013725308,17277
titsnboobs,-0.013740344,2281
sips,-0.013857076,3859
FoWtcg,-0.013859706,5128
sanfrancisco,-0.013898864,9306
transporn,-0.0142241195,4268
Ingress,-0.014330341,3884
mac,-0.014468903,11925
miamidolphins,-0.014791216,4437
memes,-0.015163822,21994
incest,-0.015401336,4180
oklahoma,-0.015497386,2677
indianpeoplefacebook,-0.015505424,3473
collegesluts,-0.015565742,1947
Cleveland,-0.01561168,4140
shittyama,-0.015918203,3900
schlagkasper,-0.016116627,21850
Catholicism,-0.016523216,15999
arizona,-0.016674837,2273
eroticauthors,-0.016750272,3180
araragigirls,-0.016814042,2354
kratom,-0.01692146,18929
Filmmakers,-0.0172991,20517
metacanada,-0.01758524,10762
ontario,-0.017616589,3543
moto360,-0.017810512,2284
Magento,-0.018323507,1891
rockets,-0.01852997,4276
doujinshi,-0.01873419,2607
vegan,-0.018795539,30892
C_S_T,-0.018974729,2550
nprstories,-0.01912107,3239
anime,-0.019637518,77940
OverwatchCirclejerk,-0.019767096,1881
AFL,-0.019993866,9192
