TheRedPill,13287
similar
PurplePillDebate,0.7515888,4627
TheColorIsBlue,0.56454897,49926
random
Monitors,0.019985579,11259
GamingVideos,0.019922584,2680
moto360,0.01969859,2284
knives,0.019429756,7909
woof_irl,0.018839816,3893
FIFA,0.01880508,76360
programming,0.018779013,28590
nprstories,0.018672906,3239
Invites,0.017753724,5216
araragi,0.017486047,2015
immigration,0.017304458,4793
taiwan,0.017191876,3595
ynab,0.01699654,4313
streetart,0.016262593,2118
HomeImprovement,0.016262427,21791
cs50,0.0160414,3762
news,0.015951032,618104
mobilerepair,0.015249963,3832
POLITIC,0.014296973,20331
cookingvideos,0.013847776,5045
nsclc,0.013675675,2763
audiophile,0.013672473,8971
Dachshund,0.0133230295,3866
greece,0.0133099,9208
norge,0.013128694,6362
teslamotors,0.013069812,14209
sandiego,0.012680339,8737
iran,0.01263327,4587
introvert,0.012570618,2447
MechanicalKeyboards,0.012379803,42857
excel,0.012109529,19035
hentainews,0.011938009,4565
airsoft,0.011450438,22535
Trophies,0.010979217,4888
france,0.010955723,30667
hillaryclinton,0.010740336,72602
labor,0.010489492,2158
msp,0.010230951,2859
Landlord,0.010037912,1952
amv,0.010004373,4826
DiepioSuggestions,0.009970925,1886
ImaginaryLandscapes,0.009759918,1913
fcbayern,0.009641845,2521
Palestine,0.0095945895,3025
BBQ,0.009519385,3934
es,0.009371135,3727
Mr_Trump,0.0088471435,13551
aves,0.008641898,5321
Barca,0.008550201,5211
engineering,0.008433115,8560
learnart,0.007760836,3650
motorcycles,0.007750228,44123
Entrepreneur,0.007703442,26108
opieandanthony,0.007606104,31512
chicago,0.0075974725,18652
powerlifting,0.007534392,4831
gamingsuggestions,0.0074956827,9875
shrooms,0.0072777225,9076
Frontend,0.006959306,2241
Construction,0.0066942014,8469
investing,0.0062608756,16931
sanantonio,0.0062465444,4710
audio,0.0057934597,3290
Fighters,0.005537294,2356
unturned,0.004874794,9533
Journalism,0.0048261075,4153
grilling,0.0042119604,1838
Audi,0.0041227583,5753
SEO,0.0039830618,24691
madisonwi,0.003904419,2822
hentai,0.0034933127,11178
rva,0.0030164071,7248
solar,0.002995011,3880
Military,0.0022387225,10782
nonononoyes,0.0017496152,3499
gaming,0.0016371394,390587
Fallout,0.0008538179,35437
zootopia,0.0007781163,19580
newsokuvip,0.000119473785,5763
MMA,-0.0008445941,76450
education,-0.0009159744,66042
misc,-0.0012297109,16056
dishonored,-0.0014754683,2967
Economics,-0.0016666623,23942
ATT,-0.0017536785,2679
RenewableEnergy,-0.0019344068,2576
Bondage,-0.002255153,4782
socialskills,-0.0026347414,9447
Hammocks,-0.002703546,1801
unitedkingdom,-0.0032210685,47542
Edmonton,-0.00333431,8388
climate,-0.00338371,5490
sanfrancisco,-0.0034588277,9306
Wrangler,-0.0037377477,3407
Borderlands,-0.0038210452,4876
Borderlands2,-0.0038210452,5976
Cooking,-0.004978288,13576
Intelligence,-0.005116064,2784
ARK,-0.005371201,10977
SS13,-0.005992339,3293
YemeniCrisis,-0.006380792,2021
casualiama,-0.0067284666,18019
WC3,-0.0069283694,1950
Beekeeping,-0.008190637,3768
museum,-0.009023385,2121
timbers,-0.009552781,2279
7kglobal,-0.0096683735,8365
country,-0.009765778,1873
harrypotter,-0.009874959,19419
saudiarabia,-0.00988416,2622
digitalnomad,-0.01011658,2930
bikewrench,-0.011826333,3841
paris,-0.011934009,3042
evejobs,-0.012633868,2875
Locksmith,-0.012967039,2905
zen,-0.013299355,5692
syriancivilwar,-0.013641577,47081
restaurant,-0.014671194,2144
multihub,-0.014951814,2428
guildrecruitment,-0.01500489,3777
Roofing,-0.015045987,2195
Jeep,-0.015323836,12817
futanari,-0.015620101,3393
judo,-0.015886713,1891
Teachers,-0.016292773,11141
Nexus5,-0.017075647,3263
nexus6,-0.017075647,4215
Nexus,-0.017075647,2748
nasa,-0.017380089,2676
environment,-0.017456222,19313
ar15,-0.018568594,11658
aviation,-0.018881306,14972
electrical,-0.019993417,1847
